DateLabel;Tour;Tournament;Surface;Time;Player 1;Player 2
Today;ATP;Wimbledon (Spojené kráľovstvo) - kvalifikácia;grass;12:05;Andrade A.;Smith C.
Today;ATP;Wimbledon (Spojené kráľovstvo) - kvalifikácia;grass;12:05;Bu Y.;Dellien H.
Today;ATP;Wimbledon (Spojené kráľovstvo) - kvalifikácia;grass;12:05;Cadenasso G.;Cina F.
Today;ATP;Wimbledon (Spojené kráľovstvo) - kvalifikácia;grass;12:05;Djere L.;Houkes M.
Today;ATP;Wimbledon (Spojené kráľovstvo) - kvalifikácia;grass;12:05;Faria J.;Grenier H.
Today;ATP;Wimbledon (Spojené kráľovstvo) - kvalifikácia;grass;12:05;Gaston H.;Midon L.
Today;ATP;Wimbledon (Spojené kráľovstvo) - kvalifikácia;grass;12:05;Glinka D.;Coppejans K.
Today;ATP;Wimbledon (Spojené kráľovstvo) - kvalifikácia;grass;12:05;Gomez F. A.;Tabur C.
Today;ATP;Wimbledon (Spojené kráľovstvo) - kvalifikácia;grass;12:05;Chidekh C.;Dougaz A.
Today;ATP;Wimbledon (Spojené kráľovstvo) - kvalifikácia;grass;12:05;Lajal M.;Pavlovic L.
Today;ATP;Wimbledon (Spojené kráľovstvo) - kvalifikácia;grass;12:05;Matusevich A.;Sakamoto R.
Today;ATP;Wimbledon (Spojené kráľovstvo) - kvalifikácia;grass;12:05;Napolitano S.;Harris B.
Today;ATP;Wimbledon (Spojené kráľovstvo) - kvalifikácia;grass;12:05;Piros Z.;Ivanov I.
Today;ATP;Wimbledon (Spojené kráľovstvo) - kvalifikácia;grass;12:05;Safiullin R.;McCabe J.
Today;ATP;Wimbledon (Spojené kráľovstvo) - kvalifikácia;grass;12:05;Squire H.;Zheng M.
Today;ATP;Wimbledon (Spojené kráľovstvo) - kvalifikácia;grass;12:05;Wong C.;Gojo B.
Today;ATP;Wimbledon (Spojené kráľovstvo) - kvalifikácia;grass;13:15;Sanchez Izquierdo N.;Kwon S.
Today;ATP;Wimbledon (Spojené kráľovstvo) - kvalifikácia;grass;13:30;Comesana F.;Moro Canas A.
Today;ATP;Wimbledon (Spojené kráľovstvo) - kvalifikácia;grass;13:30;Smith K.;Ficovich J. P.
Today;ATP;Wimbledon (Spojené kráľovstvo) - kvalifikácia;grass;13:40;Giustino L.;Onclin G.
Today;ATP;Wimbledon (Spojené kráľovstvo) - kvalifikácia;grass;13:40;Guerrieri A.;Goffin D.
Today;ATP;Wimbledon (Spojené kráľovstvo) - kvalifikácia;grass;13:40;Moreno De Alboran N.;Mayot H.
Today;ATP;Wimbledon (Spojené kráľovstvo) - kvalifikácia;grass;13:50;Brancaccio R.;Gea A.
Today;ATP;Wimbledon (Spojené kráľovstvo) - kvalifikácia;grass;13:50;Hsu Y. H.;Sakellaridis S.
Today;ATP;Wimbledon (Spojené kráľovstvo) - kvalifikácia;grass;13:50;Monday J.;Schoolkate T.
Today;ATP;Wimbledon (Spojené kráľovstvo) - kvalifikácia;grass;13:50;Skatov T.;Barrena A.
Today;ATP;Wimbledon (Spojené kráľovstvo) - kvalifikácia;grass;13:50;Tarvet O.;Bolt A.
Today;ATP;Wimbledon (Spojené kráľovstvo) - kvalifikácia;grass;14:00;Boscardin Dias P.;Jacquet K.
Today;ATP;Wimbledon (Spojené kráľovstvo) - kvalifikácia;grass;14:00;Prado Angelo J. C.;Evans D.
Today;ATP;Wimbledon (Spojené kráľovstvo) - kvalifikácia;grass;14:20;Butvilas E.;Echargui M.
Today;ATP;Wimbledon (Spojené kráľovstvo) - kvalifikácia;grass;14:30;Sachko V.;Mochizuki S.
Today;ATP;Wimbledon (Spojené kráľovstvo) - kvalifikácia;grass;14:35;Basilashvili N.;Ymer E.
Today;ATP;Wimbledon (Spojené kráľovstvo) - kvalifikácia;grass;14:55;Blanch Dar.;Jianu F. C.
Today;ATP;Wimbledon (Spojené kráľovstvo) - kvalifikácia;grass;15:00;Llamas Ruiz P.;Added D.
Today;ATP;Wimbledon (Spojené kráľovstvo) - kvalifikácia;grass;15:15;Kym J.;Bueno G.
Today;ATP;Wimbledon (Spojené kráľovstvo) - kvalifikácia;grass;15:20;Den Ouden G.;Zhou Y.
Today;ATP;Wimbledon (Spojené kráľovstvo) - kvalifikácia;grass;15:30;Budkov Kjaer N.;Reis Da Silva J.
Today;ATP;Wimbledon (Spojené kráľovstvo) - kvalifikácia;grass;15:30;Virtanen O.;Martinez P.
Today;ATP;Wimbledon (Spojené kráľovstvo) - kvalifikácia;grass;15:45;Clarke J.;Pellegrino A.
Today;ATP;Wimbledon (Spojené kráľovstvo) - kvalifikácia;grass;15:45;Diaz Acosta F.;Galarneau A.
Today;ATP;Wimbledon (Spojené kráľovstvo) - kvalifikácia;grass;15:45;Travaglia S.;Mikrut L.
Today;ATP;Wimbledon (Spojené kráľovstvo) - kvalifikácia;grass;15:50;Boyer T.;Olivieri G. A.
Today;ATP;Wimbledon (Spojené kráľovstvo) - kvalifikácia;grass;16:00;Broady L.;Holmgren A.
Today;ATP;Wimbledon (Spojené kráľovstvo) - kvalifikácia;grass;16:10;Bailly G. A.;Martin Tiffon P.
Today;ATP;Wimbledon (Spojené kráľovstvo) - kvalifikácia;grass;16:15;Coria F.;Bonding O.
Today;ATP;Wimbledon (Spojené kráľovstvo) - kvalifikácia;grass;16:15;Maestrelli F.;Basing M.
Today;ATP;Wimbledon (Spojené kráľovstvo) - kvalifikácia;grass;16:15;Sweeny D.;Roncadelli F.
Today;ATP;Wimbledon (Spojené kráľovstvo) - kvalifikácia;grass;16:30;Noguchi R.;Nardi L.
Today;ATP;Wimbledon (Spojené kráľovstvo) - kvalifikácia;grass;16:35;Rocha H.;Mejia N.
Today;ATP;Wimbledon (Spojené kráľovstvo) - kvalifikácia;grass;16:50;Bax F.;Rodesch C.
Today;ATP;Wimbledon (Spojené kráľovstvo) - kvalifikácia;grass;17:05;Cecchinato M.;Barrios Vera T.
Today;ATP;Wimbledon (Spojené kráľovstvo) - kvalifikácia;grass;17:10;Dodig M.;Ferreira Silva F.
Today;ATP;Wimbledon (Spojené kráľovstvo) - kvalifikácia;grass;17:15;Crawford O.;Rodionov J.
Today;ATP;Wimbledon (Spojené kráľovstvo) - kvalifikácia;grass;17:35;Draxl L.;Bertola R.
Today;ATP;Wimbledon (Spojené kráľovstvo) - kvalifikácia;grass;17:35;Neumayer L.;Lajovič D.
Today;ATP;Wimbledon (Spojené kráľovstvo) - kvalifikácia;grass;17:35;Tseng C. H.;Heide G.
Today;ATP;Wimbledon (Spojené kráľovstvo) - kvalifikácia;grass;17:40;Ceban M.;Carballes Baena R.
Today;ATP;Wimbledon (Spojené kráľovstvo) - kvalifikácia;grass;17:40;Zhang Z.;Searle H.
Today;ATP;Wimbledon (Spojené kráľovstvo) - kvalifikácia;grass;17:45;Gaubas V.;Mmoh M.
Today;ATP;Wimbledon (Spojené kráľovstvo) - kvalifikácia;grass;17:55;Schwaerzler J. J.;O'Connell C.
Today;ATP;Wimbledon (Spojené kráľovstvo) - kvalifikácia;grass;18:00;Uchida K.;Tomic B.
Today;ATP;Wimbledon (Spojené kráľovstvo) - kvalifikácia;grass;18:05;Herbert P.H.;Jubb P.
Today;ATP;Wimbledon (Spojené kráľovstvo) - kvalifikácia;grass;18:30;McDonald M.;Meligeni Alves F.
Today;ATP;Wimbledon (Spojené kráľovstvo) - kvalifikácia;grass;18:45;Gentzsch T.;Kolář Z.
Today;ATP;Eastbourne (Spojené kráľovstvo);grass;12:10;Diallo G.;Atmane T.
Today;ATP;Eastbourne (Spojené kráľovstvo);grass;12:10;Pinnington Jones J.;Trungelliti M.
Today;ATP;Eastbourne (Spojené kráľovstvo);grass;15:20;Collignon R.;Cerundolo J. M.
Today;ATP;Eastbourne (Spojené kráľovstvo);grass;15:20;Giron M.;Draper J.
Today;ATP;Eastbourne (Spojené kráľovstvo);grass;18:30;Choinski J.;Popyrin A.
Today;ATP;Eastbourne (Spojené kráľovstvo);grass;19:55;Bergs Z.;Munar J.
Today;ATP;Malorka (Španielsko);grass;12:10;Quinn E.;Royer V.
Today;ATP;Malorka (Španielsko);grass;12:40;Moutet C.;Shelbayh A.
Today;ATP;Malorka (Španielsko);grass;13:45;Marozsan F.;Molčan A.
Today;ATP;Malorka (Španielsko);grass;15:10;Struff J-L.;Landaluce M.
Today;ATP;Malorka (Španielsko);grass;16:25;Kecmanovič M.;Ghibaudo A.
Today;ATP;Malorka (Španielsko);grass;17:40;Walton A.;Kyrgios N.
Today;WTA;Bad Homburg (Nemecko);grass;11:10;Tauson C.;Shnaider D.
Today;WTA;Bad Homburg (Nemecko);grass;11:45;Zarazua R.;Wang Xin.
Today;WTA;Bad Homburg (Nemecko);grass;13:10;Osaka N.;Frech M.
Today;WTA;Bad Homburg (Nemecko);grass;13:15;Kraus S.;Kalinskaya A.
Today;WTA;Bad Homburg (Nemecko);grass;14:05;Sierra S.;Zheng Q.
Today;WTA;Bad Homburg (Nemecko);grass;16:50;Williams V.;Begu I.
Today;WTA;Bad Homburg (Nemecko);grass;20:00;Eala A.;Mertens E.
Today;WTA;Eastbourne (Spojené kráľovstvo);grass;12:05;Snigur D.;Kalinina A.
Today;WTA;Eastbourne (Spojené kráľovstvo);grass;12:10;Klugman H.;Valentová T.
Today;WTA;Eastbourne (Spojené kráľovstvo);grass;13:30;Ruzic A.;Marcinko P.
Today;WTA;Eastbourne (Spojené kráľovstvo);grass;14:15;Joint M.;Arango E.
Today;WTA;Eastbourne (Spojené kráľovstvo);grass;15:30;Tomljanovic A.;Cocciaretto E.
Today;WTA;Eastbourne (Spojené kráľovstvo);grass;17:05;Ostapenko J.;Jones F.
Today;WTA;Eastbourne (Spojené kráľovstvo);grass;18:25;Kessler M.;Kasatkina D.
Today;ATP;Piracicaba (Brazília);clay;20:05;Torres J. B.;Hernandez A.
Today;ATP;Piracicaba (Brazília);clay;00:00;Casanova H.;Ribeiro E.
Today;ATP;Piracicaba (Brazília) - kvalifikácia;clay;15:40;Cigarran T.;Andrade da Silva L.
Today;ATP;Piracicaba (Brazília) - kvalifikácia;clay;15:40;Leite W.;Tosetto R.
Today;ATP;Piracicaba (Brazília) - kvalifikácia;clay;15:40;Zanellato N.;Martinez T.
Today;ATP;Piracicaba (Brazília) - kvalifikácia;clay;17:35;Parisca I.;Basel V.
Today;ATP;Piracicaba (Brazília) - kvalifikácia;clay;17:35;Ribeiro de Almeida G.;Loureiro J. V. C.
Today;ATP;Piracicaba (Brazília) - kvalifikácia;clay;19:40;Huertas Del Pino Cordova A.;Oliveira N.
Today;ATP;Plovdiv (Bulharsko);clay;14:35;Milev Y.;Milic O.
Today;ATP;Plovdiv (Bulharsko);clay;15:40;Compagnucci T.;Mrva M.
Today;ATP;Plovdiv (Bulharsko);clay;16:35;Michalski D.;Brouwer G.
Today;ATP;Plovdiv (Bulharsko);clay;17:10;Martineau M.;Radulov I.
Today;ATP;Plovdiv (Bulharsko) - kvalifikácia;clay;09:40;Berkieta T.;Tolev A.
Today;ATP;Plovdiv (Bulharsko) - kvalifikácia;clay;09:40;Lopez Morillo I.;Cazacu D. N.
Today;ATP;Plovdiv (Bulharsko) - kvalifikácia;clay;09:40;Tajima N.;Dinev D.
Today;ATP;Plovdiv (Bulharsko) - kvalifikácia;clay;11:00;Fancutt T. J.;Kisimov D.
Today;ATP;Plovdiv (Bulharsko) - kvalifikácia;clay;12:30;Sinha N. K.;Angelini L.
Today;ATP;Plovdiv (Bulharsko) - kvalifikácia;clay;12:40;Faucon R.;Belozertsev N.
Today;ATP;Targu Mures (Rumunsko);clay;17:40;Tobon M.;Krumich M.
Today;ATP;Targu Mures (Rumunsko);clay;18:55;Cretu C.;Santillan A.
Today;ATP;Targu Mures (Rumunsko);clay;19:35;Gueymard Wayenburg S.;Ghetu G.
Today;ATP;Targu Mures (Rumunsko);clay;20:05;Castelnuovo L.;Agamenone F.
Today;ATP;Targu Mures (Rumunsko) - kvalifikácia;clay;10:10;Papoe R. M.;Sperle J.
Today;ATP;Targu Mures (Rumunsko) - kvalifikácia;clay;10:10;Roca Batalla O.;Gima S.
Today;ATP;Targu Mures (Rumunsko) - kvalifikácia;clay;10:10;Turcanu R. D.;Rubio Fierros A. F.
Today;ATP;Targu Mures (Rumunsko) - kvalifikácia;clay;11:55;Barrientos N.;Yevseyev D.
Today;ATP;Targu Mures (Rumunsko) - kvalifikácia;clay;11:55;Potenza L.;Uesugi K.
Today;ATP;Targu Mures (Rumunsko) - kvalifikácia;clay;12:40;Balshaw F.;Makk P.
Today;ATP;M25 Bakio (Španielsko);hard;17:10;Carrascosa Diaz M.;Hernandez C.
Today;ATP;M25 Bakio (Španielsko);hard;17:30;Benaim M.;Carrascosa Diaz E.
Today;ATP;M25 Bakio (Španielsko);hard;19:50;Dedura D.;Reco A.
Today;WTA;W35 Tarvisio (Taliansko);clay;16:05;Perez Alarcon L.;Zelníčková R.
Today;WTA;W35 Tarvisio (Taliansko);clay;16:45;Gentili A.;Laboutková A.
Today;WTA;W35 Tarvisio (Taliansko);clay;18:35;Kučmová A.;Dibenedetto C.
Today;WTA;W50 Palma del Rio (Španielsko);hard;22:45;Solar Donoso L.;Fontenel C.
Today;WTA;W50 Palma del Rio (Španielsko);hard;22:45;Vedder E.;Kardava Z.
Day+1;WTA;Wimbledon (Spojené kráľovstvo) - kvalifikácia;grass;12:00;Brancaccio N.;Lazaro Garcia A.
Day+1;WTA;Wimbledon (Spojené kráľovstvo) - kvalifikácia;grass;12:00;Grant T. C.;Preston T.
Day+1;WTA;Wimbledon (Spojené kráľovstvo) - kvalifikácia;grass;12:00;Koevermans A.;Sawangkaew M.
Day+1;WTA;Wimbledon (Spojené kráľovstvo) - kvalifikácia;grass;12:00;Korneeva A.;Shubladze A.
Day+1;WTA;Wimbledon (Spojené kráľovstvo) - kvalifikácia;grass;12:00;Maristany G.;Ortenzi J.
Day+1;WTA;Wimbledon (Spojené kráľovstvo) - kvalifikácia;grass;12:00;Minnen G.;Ferro F.
Day+1;WTA;Wimbledon (Spojené kráľovstvo) - kvalifikácia;grass;12:00;Naef C.;Garland J.
Day+1;WTA;Wimbledon (Spojené kráľovstvo) - kvalifikácia;grass;12:00;Noha Akugue N.;Pigato L.
Day+1;WTA;Wimbledon (Spojené kráľovstvo) - kvalifikácia;grass;12:00;Pigossi L.;Dodin O.
Day+1;WTA;Wimbledon (Spojené kráľovstvo) - kvalifikácia;grass;12:00;Riera J.;Britton D.
Day+1;WTA;Wimbledon (Spojené kráľovstvo) - kvalifikácia;grass;12:00;Sun L.;Klimovičová L.
Day+1;WTA;Wimbledon (Spojené kráľovstvo) - kvalifikácia;grass;12:00;Šalková D.;Shymanovich I.
Day+1;WTA;Wimbledon (Spojené kráľovstvo) - kvalifikácia;grass;12:00;Tan H.;Pohánková M.
Day+1;WTA;Wimbledon (Spojené kráľovstvo) - kvalifikácia;grass;12:00;Uchijima M.;Adeshina E.
Day+1;WTA;Wimbledon (Spojené kráľovstvo) - kvalifikácia;grass;13:30;Brace C.;Day K.
Day+1;WTA;Wimbledon (Spojené kráľovstvo) - kvalifikácia;grass;13:30;Fita Boluda A.;Gjorcheska L.
Day+1;WTA;Wimbledon (Spojené kráľovstvo) - kvalifikácia;grass;13:30;Fruhvirtová L.;Jones E.
Day+1;WTA;Wimbledon (Spojené kráľovstvo) - kvalifikácia;grass;13:30;Galfi D.;Jorge F.
Day+1;WTA;Wimbledon (Spojené kráľovstvo) - kvalifikácia;grass;13:30;Giovannini L.;Stefanini L.
Day+1;WTA;Wimbledon (Spojené kráľovstvo) - kvalifikácia;grass;13:30;Inglis M.;Bronzetti L.
Day+1;WTA;Wimbledon (Spojené kráľovstvo) - kvalifikácia;grass;13:30;Kawa K.;Bandecchi S.
Day+1;WTA;Wimbledon (Spojené kráľovstvo) - kvalifikácia;grass;13:30;Lepchenko V.;Gasanova A.
Day+1;WTA;Wimbledon (Spojené kráľovstvo) - kvalifikácia;grass;13:30;Ma Y.;Andreeva E.
Day+1;WTA;Wimbledon (Spojené kráľovstvo) - kvalifikácia;grass;13:30;Mikulskyte J.;Zhao C.
Day+1;WTA;Wimbledon (Spojené kráľovstvo) - kvalifikácia;grass;13:30;Papamichail D.;Liu C.
Day+1;WTA;Wimbledon (Spojené kráľovstvo) - kvalifikácia;grass;13:30;Quevedo K.;Ishii S.
Day+1;WTA;Wimbledon (Spojené kráľovstvo) - kvalifikácia;grass;13:30;Rajecki A.;Lamens S.
Day+1;WTA;Wimbledon (Spojené kráľovstvo) - kvalifikácia;grass;13:30;Semenistaja D.;Sisková A.
Day+1;WTA;Wimbledon (Spojené kráľovstvo) - kvalifikácia;grass;15:00;Andreescu B.;Hercog P.
Day+1;WTA;Wimbledon (Spojené kráľovstvo) - kvalifikácia;grass;15:00;Bai Z.;Zidansek T.
Day+1;WTA;Wimbledon (Spojené kráľovstvo) - kvalifikácia;grass;15:00;Friedsam A-L.;Ngounoue C.
Day+1;WTA;Wimbledon (Spojené kráľovstvo) - kvalifikácia;grass;15:00;Gorgodze E.;Valdmannova V.
Day+1;WTA;Wimbledon (Spojené kráľovstvo) - kvalifikácia;grass;15:00;Hunter S.;Costoulas S.
Day+1;WTA;Wimbledon (Spojené kráľovstvo) - kvalifikácia;grass;15:00;Iatcenko P.;Romero Gormaz L.
Day+1;WTA;Wimbledon (Spojené kráľovstvo) - kvalifikácia;grass;15:00;Krueger A.;Knutson G.
Day+1;WTA;Wimbledon (Spojené kráľovstvo) - kvalifikácia;grass;15:00;Kudermetova P.;Ponchet J.
Day+1;WTA;Wimbledon (Spojené kráľovstvo) - kvalifikácia;grass;15:00;Mandlik E.;Charaeva A.
Day+1;WTA;Wimbledon (Spojené kráľovstvo) - kvalifikácia;grass;15:00;Masarova R.;Teichmann J.
Day+1;WTA;Wimbledon (Spojené kráľovstvo) - kvalifikácia;grass;15:00;Miyazaki L.;Yaneva E.
Day+1;WTA;Wimbledon (Spojené kráľovstvo) - kvalifikácia;grass;15:00;Sasnovich A.;Dunne K.
Day+1;WTA;Wimbledon (Spojené kráľovstvo) - kvalifikácia;grass;15:00;Volynets K.;Samson L.
Day+1;WTA;Wimbledon (Spojené kráľovstvo) - kvalifikácia;grass;15:00;You X.;Jeanjean L.
Day+1;WTA;Wimbledon (Spojené kráľovstvo) - kvalifikácia;grass;16:30;Barthel M.;Zhu L.
Day+1;WTA;Wimbledon (Spojené kráľovstvo) - kvalifikácia;grass;16:30;Carle M. L.;Havlíčková L.
Day+1;WTA;Wimbledon (Spojené kráľovstvo) - kvalifikácia;grass;16:30;Grabher J.;Bolkvadze M.
Day+1;WTA;Wimbledon (Spojené kráľovstvo) - kvalifikácia;grass;16:30;Ku Y.;Kostovic T.
Day+1;WTA;Wimbledon (Spojené kráľovstvo) - kvalifikácia;grass;16:30;McDonald E.;Kalieva E.
Day+1;WTA;Wimbledon (Spojené kráľovstvo) - kvalifikácia;grass;16:30;Monnet C.;Prozorova T.
Day+1;WTA;Wimbledon (Spojené kráľovstvo) - kvalifikácia;grass;16:30;Radivojevic L.;Bassols M.
Day+1;WTA;Wimbledon (Spojené kráľovstvo) - kvalifikácia;grass;16:30;Rakotomanga Rajaonah T.;Lee C. Y.
Day+1;WTA;Wimbledon (Spojené kráľovstvo) - kvalifikácia;grass;16:30;Rus A.;Podrez V.
Day+1;WTA;Wimbledon (Spojené kráľovstvo) - kvalifikácia;grass;16:30;Šramková R.;Hrunčáková V.
Day+1;WTA;Wimbledon (Spojené kráľovstvo) - kvalifikácia;grass;16:30;Timofeeva M.;Osuigwe W.
Day+1;WTA;Wimbledon (Spojené kráľovstvo) - kvalifikácia;grass;16:30;Vandromme J.;Yuan Y.
Day+1;WTA;Wimbledon (Spojené kráľovstvo) - kvalifikácia;grass;16:30;Wang Xiy.;Guo H.
Day+1;WTA;Wimbledon (Spojené kráľovstvo) - kvalifikácia;grass;16:30;Watson H.;Sherif M.
Day+1;ATP;Eastbourne (Spojené kráľovstvo);grass;12:00;Brooksby J.;Vukic A.
Day+1;ATP;Eastbourne (Spojené kráľovstvo);grass;12:00;Tirante T. A.;Fearnley J.
Day+1;ATP;Eastbourne (Spojené kráľovstvo);grass;13:30;Arnaldi M.;Hussey G.
Day+1;ATP;Eastbourne (Spojené kráľovstvo);grass;15:00;Altmaier D.;Kovacevic A.
Day+1;ATP;Eastbourne (Spojené kráľovstvo);grass;15:00;Burruchaga R. A.;Fery A.
Day+1;ATP;Eastbourne (Spojené kráľovstvo);grass;16:30;Humbert U.;Bellucci M.
Day+1;ATP;Malorka (Španielsko);grass;12:00;Dzumhur D.;Kopřiva V.
Day+1;ATP;Malorka (Španielsko);grass;12:00;Marozsan F.;Tabilo A.
Day+1;ATP;Malorka (Španielsko);grass;12:30;Polmans M.;Dimitrov G.
Day+1;ATP;Malorka (Španielsko);grass;13:30;Sonego L.;Kecmanovič M.
Day+1;ATP;Malorka (Španielsko);grass;13:30;Struff J-L.;Borges N.
Day+1;ATP;Malorka (Španielsko);grass;15:00;Tsitsipas S.;Buse I.
Day+1;ATP;Malorka (Španielsko);grass;17:30;Darderi L.;Hanfmann Y.
Day+1;WTA;Bad Homburg (Nemecko);grass;11:00;Lys E.;Navarro E.
Day+1;WTA;Bad Homburg (Nemecko);grass;11:30;Li A.;Alexandrova E.
Day+1;WTA;Bad Homburg (Nemecko);grass;11:30;Ruse G.;Noskova L.
Day+1;WTA;Bad Homburg (Nemecko);grass;12:30;Wang Xin.;Fernandez L.
Day+1;WTA;Bad Homburg (Nemecko);grass;15:30;Osaka N.;Mertens E.
Day+1;WTA;Bad Homburg (Nemecko);grass;17:30;Samsonova L.;Svitolina E.
Day+1;WTA;Eastbourne (Spojené kráľovstvo);grass;12:00;Dudeney A.;Bouzas Maneiro J.
Day+1;WTA;Eastbourne (Spojené kráľovstvo);grass;12:00;Paolini J.;Maria T.
Day+1;WTA;Eastbourne (Spojené kráľovstvo);grass;12:00;Starodubtseva Y.;Zakharova A.
Day+1;WTA;Eastbourne (Spojené kráľovstvo);grass;12:00;Tjen J.;McNally C.
Day+1;WTA;Eastbourne (Spojené kráľovstvo);grass;13:30;Bejlek S.;Siegemund L.
Day+1;WTA;Eastbourne (Spojené kráľovstvo);grass;13:30;Gibson T.;Keys M.
Day+1;WTA;Eastbourne (Spojené kráľovstvo);grass;13:30;Udvardy P.;Bondar A.
Day+1;WTA;Eastbourne (Spojené kráľovstvo);grass;15:00;Sonmez Z.;Dart H.
Day+1;WTA;Eastbourne (Spojené kráľovstvo);grass;16:30;Birrell K.;Krejčíková B.
Day+1;ATP;Piracicaba (Brazília);clay;16:00;Aguilar Cardozo J.;Estevez J.
Day+1;ATP;Piracicaba (Brazília);clay;16:00;De La Fuente S.;Rodriguez Taverna S.
Day+1;ATP;Piracicaba (Brazília);clay;16:00;Kicker N.;Fernandez B.
Day+1;ATP;Piracicaba (Brazília);clay;16:00;Kohlmann E.;La Serna J. M.
Day+1;ATP;Piracicaba (Brazília);clay;16:00;Miguel L. F.;Seyboth Wild T.
Day+1;ATP;Plovdiv (Bulharsko);clay;09:30;Blancaneaux G.;Berkieta T.
Day+1;ATP;Plovdiv (Bulharsko);clay;09:30;Dinev D.;Blanch D.
Day+1;ATP;Plovdiv (Bulharsko);clay;09:30;Vasa E.;Dhamne M.
Day+1;ATP;Plovdiv (Bulharsko);clay;11:00;Dalla Valle E.;Belozertsev N.
Day+1;ATP;Plovdiv (Bulharsko);clay;11:00;Dutra Da Silva D.;Nesterov P.
Day+1;ATP;Plovdiv (Bulharsko);clay;11:00;Piraino G.;Angelini L.
Day+1;ATP;Plovdiv (Bulharsko);clay;12:30;Henning P.;Santamarta Roig A.
Day+1;ATP;Plovdiv (Bulharsko);clay;12:30;Kopp S.;Durasovic V.
Day+1;ATP;Plovdiv (Bulharsko);clay;14:00;Fancutt T. J.;Erhard M.
Day+1;ATP;Plovdiv (Bulharsko);clay;14:00;Lopez Morillo I.;Montes-De La Torre I.
Day+1;ATP;Plovdiv (Bulharsko);clay;14:30;Kuzmanov D.;Sels J.
Day+1;ATP;Plovdiv (Bulharsko);clay;17:00;Vasilev A.;Visker N.
Day+1;ATP;Targu Mures (Rumunsko);clay;10:00;Fomin S.;Alcala Gurri M.
Day+1;ATP;Targu Mures (Rumunsko);clay;10:00;Guillen Meza A.;Papoe R. M.
Day+1;ATP;Targu Mures (Rumunsko);clay;10:00;Ribecai M.;McDonald N.
Day+1;ATP;Targu Mures (Rumunsko);clay;11:30;Moller E.;Potenza L.
Day+1;ATP;Targu Mures (Rumunsko);clay;11:30;Roca Batalla O.;Passaro F.
Day+1;ATP;Targu Mures (Rumunsko);clay;12:30;Damas M.;Hassan B.
Day+1;ATP;Targu Mures (Rumunsko);clay;13:00;Albot R.;Ajdukovic D.
Day+1;ATP;Targu Mures (Rumunsko);clay;13:00;Poljicak M.;Nagal S.
Day+1;ATP;Targu Mures (Rumunsko);clay;14:00;Nedic A.;Rubio Fierros A. F.
Day+1;ATP;Targu Mures (Rumunsko);clay;14:30;Balshaw F.;Haita S. H.
Day+1;ATP;Targu Mures (Rumunsko);clay;14:30;Boitan G. A.;Yevseyev D.
Day+1;ATP;M15 Alkmaar (Holandsko);clay;11:00;Balciunas M.;Lakshmanan A.
Day+1;ATP;M15 Alkmaar (Holandsko);clay;11:00;Paardekooper S.;Visser M.
Day+1;ATP;M15 Alkmaar (Holandsko);clay;11:00;Tabata R.;Bertimon M.
Day+1;ATP;M15 Alkmaar (Holandsko);clay;19:00;Forger A.;Khoeblal E.
Day+1;ATP;M15 Alkmaar (Holandsko);clay;19:00;Guinau S.;Jong S.
Day+1;ATP;M15 Bergamo (Taliansko);clay;10:00;Andre S.;Larue L.
Day+1;ATP;M15 Bergamo (Taliansko);clay;11:00;Mirarchi W.;Bocchi L.
Day+1;ATP;M15 Bergamo (Taliansko);clay;11:00;Serafini M.;Bernet H.
Day+1;ATP;M15 Bergamo (Taliansko);clay;12:30;Car H.;Spiridon D. C.
Day+1;ATP;M15 Bergamo (Taliansko);clay;12:30;Oradini G.;Grandinetti T.
Day+1;ATP;M15 Bergamo (Taliansko);clay;18:00;Arnaboldi F.;Ciavarella N.
Day+1;ATP;M15 Bergamo (Taliansko);clay;20:30;Vincent Ruggeri S.;Scomparin P. R.
Day+1;ATP;M15 Kamen (Nemecko);clay;10:30;Agwi M.;Soetebier J.
Day+1;ATP;M15 Kamen (Nemecko);clay;10:30;Hopp M.;Barsukov N.
Day+1;ATP;M15 Kamen (Nemecko);clay;14:00;Marysko V.;Moise P.
Day+1;ATP;M15 Kamen (Nemecko);clay;14:00;Naw H.;Oetzbach A.
Day+1;ATP;M15 Kamen (Nemecko);clay;15:30;Aubriot A.;Filip J.
Day+1;ATP;M15 Kayseri 6 (Turecko);hard;12:00;Javia D.;Jansen W.
Day+1;ATP;M15 Kayseri 6 (Turecko);hard;12:00;Kamboj U.;Shin M.
Day+1;ATP;M15 Kayseri 6 (Turecko);hard;12:00;Osminkin V.;Setkic A.
Day+1;ATP;M15 Kayseri 6 (Turecko);hard;12:00;Vasiliauskas M.;Bulut E.
Day+1;ATP;M15 Kayseri 6 (Turecko);hard;12:00;Vishenchuk Vishenko D.;Turker M. N.
Day+1;ATP;M15 Monastir 24 (Tunisko);hard;13:30;Allen L.;Becroft I.
Day+1;ATP;M15 Rzeszow (Poľsko);clay;14:00;Guttau N.;Hrazdil J.
Day+1;ATP;M15 Rzeszow (Poľsko);clay;16:00;Szymkowiak K.;Czyrek F.
Day+1;ATP;M15 Slovenska Bistrica (Slovinsko);clay;16:00;Gloeckler M.;Planinsek F. J.
Day+1;ATP;M15 Wuning 3 (Čína);hard;08:00;Chen X. D.;Kawahashi Y.
Day+1;ATP;M15 Wuning 3 (Čína);hard;08:00;Sornlaksup P.;Zeng Y.
Day+1;ATP;M15 Wuning 3 (Čína);hard;08:00;Tomida Y.;Bouzige M.
Day+1;ATP;M15 Wuning 3 (Čína);hard;08:00;Yang X.;Nordquist A.
Day+1;ATP;M25 Bakio (Španielsko);hard;09:30;Guilleme J.;Zhu M.
Day+1;ATP;M25 Bakio (Španielsko);hard;09:30;Orgiles Garcia Retamero I.;Winter E.
Day+1;ATP;M25 Bakio (Španielsko);hard;10:30;Rojas C.;Callejon H. S.
Day+1;ATP;M25 Bakio (Španielsko);hard;10:30;Stephens Z.;Lopez Cherubino N.
Day+1;ATP;M25 Bakio (Španielsko);hard;11:00;Torres Espinosa J.;Arcila A.
Day+1;ATP;M25 Bakio (Španielsko);hard;12:00;Urribarrens Ramirez I.;Pedersen Lozano I.
Day+1;ATP;M25 Bakio (Španielsko);hard;12:30;Martinez M.;Munk Mesa B.
Day+1;ATP;M25 Bakio (Španielsko);hard;12:30;Roche Alcaya P.;Hudd E.
Day+1;ATP;M25 Bakio (Španielsko);hard;14:00;Weightman O.;Suresh D.
Day+1;ATP;M25 Bakio (Španielsko);hard;17:00;Perez Contri S.;Carbajal A. G.
Day+1;ATP;M25 Bakio (Španielsko);hard;17:00;Perez Socas R.;Hignett L.
Day+1;ATP;M25 Bakio (Španielsko);hard;17:00;Poullain L.;Inchauspe P.
Day+1;ATP;M25 Bakio (Španielsko);hard;18:30;Ponchet M.;Bertrand R.
Day+1;ATP;M25 Brussels (Belgicko);clay;17:30;Basile A.;Strombachs R.
Day+1;ATP;M25 Brussels (Belgicko);clay;17:30;Dugardin R.;Handel T.
Day+1;ATP;M25 Brussels (Belgicko);clay;17:30;Rehberg M. H.;Mouffe L.
Day+1;ATP;M25 Brussels (Belgicko);clay;17:30;Zeuch T.;Alujas R.
Day+1;ATP;M25 Porto (Portugalsko);hard;13:30;Alkaya M.;Catry R.
Day+1;ATP;M25 Porto (Portugalsko);hard;13:30;Bobichon M.;Gonzalez Fernandez M.
Day+1;ATP;M25 Porto (Portugalsko);hard;13:30;Overbeck C. E.;Malige M.
Day+1;ATP;M25 Zagreb (Chorvátsko);clay;10:00;Jadoun N.;Sakellaridis D.
Day+1;ATP;M25 Zagreb (Chorvátsko);clay;10:00;Prihodko O.;Mohar V.
Day+1;ATP;M25 Zagreb (Chorvátsko);clay;10:00;Ujvary M.;Voljavec A.
Day+1;ATP;M25 Zagreb (Chorvátsko);clay;11:30;Oliynykov N.;Tremblay D.
Day+1;ATP;M25 Zagreb (Chorvátsko);clay;11:30;Vrba J.;Barranco Cosano J.
Day+1;ATP;M25 Zagreb (Chorvátsko);clay;13:00;Kumstat J.;Markovina D.
Day+1;WTA;W15 Alkmaar (Holandsko);clay;11:00;Ebster A. L.;Tran L.
Day+1;WTA;W15 Alkmaar (Holandsko);clay;12:30;Coppez K.;Anson Sanchez C.
Day+1;WTA;W15 Alkmaar (Holandsko);clay;12:30;Sijbesma M.;Lo Pumo M.
Day+1;WTA;W15 Alkmaar (Holandsko);clay;13:00;De Zeeuw J.;Van den Broek I. L.
Day+1;WTA;W15 Alkmaar (Holandsko);clay;14:30;Van Impe A.;Kuparev A.
Day+1;WTA;W15 Alkmaar (Holandsko);clay;14:30;Zanolini C.;Barendse L.
Day+1;WTA;W15 Galati (Rumunsko);clay;09:00;Sagmar I.;Puiac A. L.
Day+1;WTA;W15 Galati (Rumunsko);clay;09:00;Sanduleasa I. I.;Breaz A.
Day+1;WTA;W15 Galati (Rumunsko);clay;09:00;Soriano Santiago M.;Sawant M.
Day+1;WTA;W15 Galati (Rumunsko);clay;10:30;Brune A.;Cucu S.
Day+1;WTA;W15 Galati (Rumunsko);clay;10:30;Luciano L.;Ogescu S.
Day+1;WTA;W15 Kamen (Nemecko);clay;10:30;Gadamauri T.;Firman A.
Day+1;WTA;W15 Kamen (Nemecko);clay;10:30;Pochtovyk K.;Solakov L.
Day+1;WTA;W15 Kamen (Nemecko);clay;10:30;Pushkar S.;Evans K.
Day+1;WTA;W15 Kamen (Nemecko);clay;11:30;Herrmann S.;Raschdorf C.
Day+1;WTA;W15 Kamen (Nemecko);clay;11:30;Vasilescu A.;Triquart S.
Day+1;WTA;W15 Kamen (Nemecko);clay;15:30;Boehner L.;Pohle V.
Day+1;WTA;W15 Kayseri 6 (Turecko);hard;10:30;Farzami M.;Dho N.
Day+1;WTA;W15 Kayseri 6 (Turecko);hard;10:30;Hermanns C.;Laskutova K.
Day+1;WTA;W15 Kayseri 6 (Turecko);hard;12:00;Ipunesso L.;Sequeira M.
Day+1;WTA;W15 Kayseri 6 (Turecko);hard;12:00;Samardzic A. E.;Khramtsova J.
Day+1;WTA;W15 Kursumlijska Banja 6 (Srbsko);clay;10:00;Colic A.;Djurickovic G.
Day+1;WTA;W15 Kursumlijska Banja 6 (Srbsko);clay;10:00;Jialin T.;Mladenovic N.
Day+1;WTA;W15 Kursumlijska Banja 6 (Srbsko);clay;10:00;Ruan Z. Y.;Zaytseva K.
Day+1;WTA;W15 Kursumlijska Banja 6 (Srbsko);clay;11:00;Konstantinova Y.;Velikova D.
Day+1;WTA;W15 Kursumlijska Banja 6 (Srbsko);clay;11:00;Senic N.;Gobbi Monllau A. V.
Day+1;WTA;W15 Kursumlijska Banja 6 (Srbsko);clay;11:30;Horvit M.;Kozak V.
Day+1;WTA;W15 Kursumlijska Banja 6 (Srbsko);clay;11:30;Yemshanova M.;Popovski D.
Day+1;WTA;W15 Maanshan 3 (Čína);hard;06:30;RuoXi M.;Zhou J.
Day+1;WTA;W15 Monastir 19 (Tunisko);hard;10:30;Penickova K.;Avataneo S.
Day+1;WTA;W15 Monastir 19 (Tunisko);hard;12:00;Kawano Cho G.;Wainwright M.
Day+1;WTA;W15 Monastir 19 (Tunisko);hard;13:30;Donnell A.;Lopez E.
Day+1;WTA;W15 Monastir 19 (Tunisko);hard;13:30;Chainykova Y.;Villet M.
Day+1;WTA;W15 Sapporo 2 (Japonsko);hard;04:00;Kawamura M.;Webb S.
Day+1;WTA;W15 Sapporo 2 (Japonsko);hard;04:00;Nishimoto S.;Noguchi S.
Day+1;WTA;W15 Sapporo 2 (Japonsko);hard;04:00;Sawashiro K.;Yodpetch K.
Day+1;WTA;W15 Sapporo 2 (Japonsko);hard;05:30;Arakawa N.;Aikawa M.
Day+1;WTA;W35 Tarvisio (Taliansko);clay;09:30;Granwehr A.;Sakellaridi S.
Day+1;WTA;W35 Tarvisio (Taliansko);clay;09:30;Mazzola A.;Popa M. S.
Day+1;WTA;W35 Tarvisio (Taliansko);clay;09:30;Meyer Auf Der Heide L.;Seibold E.
Day+1;WTA;W35 Tarvisio (Taliansko);clay;11:00;Senica A.;Paganetti V.
Day+1;WTA;W35 Tarvisio (Taliansko);clay;11:00;Sevcikova L.;Mikaca S.
Day+1;WTA;W35 Tarvisio (Taliansko);clay;11:00;Toma M.;Cherubini D.
Day+1;WTA;W35 Tarvisio (Taliansko);clay;12:30;Ce G.;Lovric P.
Day+1;WTA;W35 Tarvisio (Taliansko);clay;12:30;Paoletti M.;Ciric Bagaric L.
Day+1;WTA;W35 Tarvisio (Taliansko);clay;12:30;Proietti V.;Trevisan F.
Day+1;WTA;W35 Tarvisio (Taliansko);clay;14:00;Janicijevic S.;Chiesa D.
Day+1;WTA;W35 Tarvisio (Taliansko);clay;14:00;Maines N.;Basiletti N.
Day+1;WTA;W35 Tarvisio (Taliansko);clay;16:30;Rocchetti S.;Boskovic L.
Day+1;WTA;W35 Tarvisio (Taliansko);clay;16:30;Tsygourova K.;Urgesi F.
Day+1;WTA;W50 Gdansk (Poľsko);clay;13:00;Hietaranta L.;Toth A. K.
Day+1;WTA;W50 Gdansk (Poľsko);clay;13:00;Shaikh H.;Garcia-Perez G.
Day+1;WTA;W50 Gdansk (Poľsko);clay;13:00;Tomase E.;Hodzic M.
Day+1;WTA;W50 Gdansk (Poľsko);clay;14:30;Gniewkowska O.;Paszun A.
Day+1;WTA;W50 Gdansk (Poľsko);clay;14:30;Serban R.;Bosio V.
Day+2;ATP;Wimbledon (Spojené kráľovstvo) - kvalifikácia;grass;12:00;Basing M.;Gentzsch T.
Day+2;ATP;Wimbledon (Spojené kráľovstvo) - kvalifikácia;grass;12:00;Bertola R.;Rodionov J.
Day+2;ATP;Wimbledon (Spojené kráľovstvo) - kvalifikácia;grass;12:00;Boyer T.;Pellegrino A.
Day+2;ATP;Wimbledon (Spojené kráľovstvo) - kvalifikácia;grass;12:00;Budkov Kjaer N.;Dodig M.
Day+2;ATP;Wimbledon (Spojené kráľovstvo) - kvalifikácia;grass;12:00;Bu Y.;Tabur C.
Day+2;ATP;Wimbledon (Spojené kráľovstvo) - kvalifikácia;grass;12:00;Coria F.;Sakellaridis S.
Day+2;ATP;Wimbledon (Spojené kráľovstvo) - kvalifikácia;grass;12:00;Djere L.;Zheng M.
Day+2;ATP;Wimbledon (Spojené kráľovstvo) - kvalifikácia;grass;12:00;Dougaz A.;Sakamoto R.
Day+2;ATP;Wimbledon (Spojené kráľovstvo) - kvalifikácia;grass;12:00;Evans D.;Schoolkate T.
Day+2;ATP;Wimbledon (Spojené kráľovstvo) - kvalifikácia;grass;12:00;Faria J.;Pavlovic L.
Day+2;ATP;Wimbledon (Spojené kráľovstvo) - kvalifikácia;grass;12:00;Galarneau A.;Tarvet O.
Day+2;ATP;Wimbledon (Spojené kráľovstvo) - kvalifikácia;grass;12:00;Gaston H.;Cina F.
Day+2;ATP;Wimbledon (Spojené kráľovstvo) - kvalifikácia;grass;12:00;Gaubas V.;Searle H.
Day+2;ATP;Wimbledon (Spojené kráľovstvo) - kvalifikácia;grass;12:00;Gojo B.;Smith C.
Day+2;ATP;Wimbledon (Spojené kráľovstvo) - kvalifikácia;grass;12:00;Guerrieri A.;Jacquet K.
Day+2;ATP;Wimbledon (Spojené kráľovstvo) - kvalifikácia;grass;12:00;Jubb P.;Barrios Vera T.
Day+2;ATP;Wimbledon (Spojené kráľovstvo) - kvalifikácia;grass;12:00;Kwon S.;Gea A.
Day+2;ATP;Wimbledon (Spojené kráľovstvo) - kvalifikácia;grass;12:00;Kym J.;Holmgren A.
Day+2;ATP;Wimbledon (Spojené kráľovstvo) - kvalifikácia;grass;12:00;Llamas Ruiz P.;Martin Tiffon P.
Day+2;ATP;Wimbledon (Spojené kráľovstvo) - kvalifikácia;grass;12:00;McDonald M.;Carballes Baena R.
Day+2;ATP;Wimbledon (Spojené kráľovstvo) - kvalifikácia;grass;12:00;Mejia N.;Heide G.
Day+2;ATP;Wimbledon (Spojené kráľovstvo) - kvalifikácia;grass;12:00;Moro Canas A.;Mayot H.
Day+2;ATP;Wimbledon (Spojené kráľovstvo) - kvalifikácia;grass;12:00;Nardi L.;Virtanen O.
Day+2;ATP;Wimbledon (Spojené kráľovstvo) - kvalifikácia;grass;12:00;Onclin G.;Mochizuki S.
Day+2;ATP;Wimbledon (Spojené kráľovstvo) - kvalifikácia;grass;12:00;Piros Z.;Harris B.
Day+2;ATP;Wimbledon (Spojené kráľovstvo) - kvalifikácia;grass;12:00;Rodesch C.;Lajovič D.
Day+2;ATP;Wimbledon (Spojené kráľovstvo) - kvalifikácia;grass;12:00;Safiullin R.;Coppejans K.
Day+2;ATP;Wimbledon (Spojené kráľovstvo) - kvalifikácia;grass;12:00;Smith K.;Echargui M.
Day+2;ATP;Wimbledon (Spojené kráľovstvo) - kvalifikácia;grass;12:00;Sweeny D.;Blanch Dar.
Day+2;ATP;Wimbledon (Spojené kráľovstvo) - kvalifikácia;grass;12:00;Tomic B.;O'Connell C.
Day+2;ATP;Wimbledon (Spojené kráľovstvo) - kvalifikácia;grass;12:00;Travaglia S.;Zhou Y.
Day+2;ATP;Wimbledon (Spojené kráľovstvo) - kvalifikácia;grass;12:00;Ymer E.;Skatov T.
Day+2;WTA;Wimbledon (Spojené kráľovstvo) - kvalifikácia;grass;12:00;Crawley F.;Sakatsume H.
Day+2;WTA;Wimbledon (Spojené kráľovstvo) - kvalifikácia;grass;12:00;Cross K.;Stoiana M.
Day+2;WTA;Wimbledon (Spojené kráľovstvo) - kvalifikácia;grass;12:00;Dolehide C.;Montgomery R.
Day+2;WTA;Wimbledon (Spojené kráľovstvo) - kvalifikácia;grass;12:00;Hon P.;Hibino N.
Day+2;WTA;Wimbledon (Spojené kráľovstvo) - kvalifikácia;grass;12:00;Hontama M.;Urhobo A.
Day+2;WTA;Wimbledon (Spojené kráľovstvo) - kvalifikácia;grass;12:00;Kinoshita H.;Tomova V.
Day+2;WTA;Wimbledon (Spojené kráľovstvo) - kvalifikácia;grass;12:00;Rame A.;Werner C.
Day+2;WTA;Wimbledon (Spojené kráľovstvo) - kvalifikácia;grass;12:00;Tubello A.;Pridankina E.
Day+2;ATP;Eastbourne (Spojené kráľovstvo);grass;12:00;Diallo G.;Etcheverry T. M.
Day+2;ATP;Eastbourne (Spojené kráľovstvo);grass;12:00;Draper J.;Pinnington Jones J.
Day+2;ATP;Eastbourne (Spojené kráľovstvo);grass;12:00;Fritz T.;Choinski J.
Day+2;ATP;Malorka (Španielsko);grass;12:00;Cassone M.;Quinn E.
Day+2;ATP;Malorka (Španielsko);grass;12:00;Walton A.;Davidovich Fokina A.
Day+2;WTA;Bad Homburg (Nemecko);grass;11:00;Muchová K.;Begu I.
Day+2;WTA;Bad Homburg (Nemecko);grass;11:00;Zheng Q.;Tauson C.
Day+2;WTA;Eastbourne (Spojené kráľovstvo);grass;12:00;Kessler M.;Kalinina A.
Day+2;WTA;Eastbourne (Spojené kráľovstvo);grass;12:00;Valentová T.;Tomljanovic A.
Day+2;ATP;M25 Brussels (Belgicko);clay;10:00;Dietrich D.;Freire Da Silva A.
Day+2;ATP;M25 Brussels (Belgicko);clay;10:00;Loge J.;Ifi N.
Day+2;ATP;M25 Brussels (Belgicko);clay;10:00;Wehnelt K.;Pieri S.
Day+2;ATP;M25 Porto (Portugalsko);hard;10:00;Coulibaly E.;Echeverria J.
Day+2;ATP;M25 Porto (Portugalsko);hard;10:00;Domingues J.;McKennon M.
Day+2;ATP;M25 Porto (Portugalsko);hard;10:00;Rocha F.;Singh K.
Day+2;ATP;M25 Porto (Portugalsko);hard;10:00;Silva J. D.;Andaloro F.
Day+2;ATP;M25 Porto (Portugalsko);hard;10:00;Torres T.;Martinez Gomez P.
Day+2;ATP;M25 Zagreb (Chorvátsko);clay;10:00;Barun B.;Vukadin N.
Day+2;ATP;M25 Zagreb (Chorvátsko);clay;10:00;Bielinskyi V.;Tsitsipas Pe.
Day+2;ATP;M25 Zagreb (Chorvátsko);clay;10:00;Biletic I.;Purtseladze S.
Day+2;ATP;M25 Zagreb (Chorvátsko);clay;10:00;Dimic M.;Petrovic D.
Day+2;ATP;M25 Zagreb (Chorvátsko);clay;10:00;Facek J.;Ivanovski K.
Day+2;ATP;M25 Zagreb (Chorvátsko);clay;10:00;Kivattsev K.;Tsitsipas Pa.
Day+2;ATP;M25 Zagreb (Chorvátsko);clay;10:00;Mashtakov N.;Sultanov K.
Day+2;ATP;M25 Zagreb (Chorvátsko);clay;10:00;Sabanov I.;Chepelev A.
Day+2;ATP;M25 Zagreb (Chorvátsko);clay;10:00;Sekachov G.;Lage E.
Day+2;ATP;M25 Zagreb (Chorvátsko);clay;10:00;Sorger S.;Tonejc V.
Day+2;WTA;W50 Gdansk (Poľsko);clay;10:00;Alves C.;Capurro Taborda M.
Day+2;WTA;W50 Gdansk (Poľsko);clay;10:00;Bulgaru M.;Ewald W.
Day+2;WTA;W50 Gdansk (Poľsko);clay;10:00;Feistel G.;Parrizas-Diaz N.
Day+2;WTA;W50 Gdansk (Poľsko);clay;10:00;Zeltina B.;Burillo Escorihuela I.
Day+2;WTA;W50 Palma del Rio (Španielsko);hard;10:00;Adkar V.;Shi H.
Day+2;WTA;W50 Palma del Rio (Španielsko);hard;10:00;Lemaitre T.;Mladenovic K.
Day+2;WTA;W50 Palma del Rio (Španielsko);hard;10:00;Rey Garcia A.;Falei A.
Day+2;WTA;W50 Palma del Rio (Španielsko);hard;10:00;Visscher S. J.;Micic E.
